Song Name,Queuer,Timestamp
Crying In The Club,test,2020-01-11 17:16
Vibras,test,2020-01-12 18:16
Greyhound,test,2020-01-13 18:17
Vibras,test,2020-01-14 19:17
Intro,Themis,2020-01-15 13:25
South Of The Border,test,2020-01-15 17:57
Greyhound,Joshua,2020-01-15 18:06
Crying In The Club,test,2020-01-18 16:35
Greyhound,test,2020-01-18 16:36
Crying In The Club,test,2020-01-18 16:38
Crying In The Club,test,2020-01-18 16:42
Cold (Radio),test,2020-01-18 16:47
Crying In The Club,test,2020-01-18 16:48
Intro,test,2020-01-18 16:49
Cold (Radio),test,2020-01-18 16:51
South Of The Border,test,2020-01-18 16:54
Intro,Themis,2020-01-21 01:17
Crying In The Club,Angel,2020-01-22 11:31
Crying In The Club,rhys,2020-01-22 17:19
South Of The Border,rhys,2020-01-22 17:20
South Of The Border,test,2020-01-22 17:20
South Of The Border,test,2020-01-23 16:39
Cold (Radio),test,2020-01-23 16:40
South Of The Border,test,2020-01-23 16:45
Intro,test,2020-01-23 16:45
Vibras,test,2020-01-23 16:46
South Of The Border,test,2020-01-23 16:50
Intro,test,2020-01-23 16:50
Intro,test,2020-01-23 16:51
Intro,test,2020-01-23 16:51
Intro,test,2020-01-23 16:51
Intro,test,2020-01-23 16:52
Intro,test,2020-01-23 16:53
South Of The Border,test,2020-01-23 16:55
Vibras,test,2020-01-23 16:58
Vibras,test,2020-01-23 17:00
Vibras,test,2020-01-23 17:02
Vibras,test,2020-01-23 17:03
Vibras,admin,2020-01-28 21:32
Vibras,admin,2020-01-28 21:33
Vibras,admin,2020-01-28 21:35
Crying In The Club,George,2020-01-29 11:23
South Of The Border,george,2020-01-29 11:52
Vibras,test,2020-01-29 13:20
Crying In The Club,jason,2020-01-29 13:28
Crying In The Club,josh,2020-01-29 13:29
Intro,yo,2020-01-29 13:29
Crying In The Club,test,2020-01-29 13:29
Intro,tr,2020-01-29 14:26
South Of The Border,ty,2020-01-29 14:26
South Of The Border,des,2020-01-29 14:27
Intro,rf,2020-01-29 14:28
Vibras,uh,2020-01-29 14:28
South Of The Border,hi,2020-01-29 14:29
Vibras,josh,2020-01-29 14:30
Crying In The Club,yo,2020-01-29 14:35
Vibras,y,2020-01-29 14:37
Intro,fr,2020-01-29 14:37
Cold (Radio),yt,2020-01-29 14:37
Greyhound,josh,2020-01-29 14:45
Greyhound,ho,2020-01-29 14:46
Vibras,y,2020-01-29 14:46
Intro,yt,2020-01-29 14:47
Cold (Radio),es,2020-01-29 14:47
Vibras,tr,2020-01-29 14:47
Intro,yg,2020-01-29 14:47
Cold (Radio),gf,2020-01-29 14:47
Greyhound,g,2020-01-29 14:47
Vibras,yh,2020-01-29 14:48
Intro,ds,2020-01-29 14:48
Cold (Radio),hh,2020-01-29 14:48
Vibras,gt,2020-01-29 14:50
Intro,gy,2020-01-29 14:50
Cold (Radio),ko,2020-01-29 14:50
Cold (Radio),yh,2020-01-29 15:16
Greyhound,josh,2020-01-29 15:19
Intro,r,2020-01-29 16:52
Cold (Radio),g,2020-01-29 16:53
Greyhound,hu,2020-01-29 17:16
2016.mp4,hy,2020-01-29 17:17
Vibras,josh,2020-01-29 18:45
Greyhound,gh,2020-01-29 18:45
Cold (Radio),jordan,2020-01-29 18:46
Vibras,admin,2020-01-29 18:51
Greyhound,happy,2020-01-29 19:08
Vibras,admin,2020-01-29 19:09
Vibras,admin,2020-02-01 16:04
Intro,admin,2020-02-03 15:14
Intro,admin,2020-02-03 23:11
Intro,admin,2020-02-03 23:11
Greyhound,admin,2020-02-03 23:11
Cold (Radio),admin,2020-02-03 23:12
Intro,admin,2020-02-03 23:14
Intro,admin,2020-02-03 23:15
Intro,admin,2020-02-03 23:15
Intro,admin,2020-02-03 23:16
Intro,admin,2020-02-03 23:18
Intro,admin,2020-02-03 23:18
South Of The Border,admin,2020-02-03 23:18
Greyhound,admin,2020-02-03 23:19
Cold (Radio),admin,2020-02-03 23:19
Intro,admin,2020-02-03 23:30
Intro,admin,2020-02-03 23:31
Cold (Radio),admin,2020-02-03 23:31
Greyhound,admin,2020-02-03 23:32
Crying In The Club,admin,2020-02-03 23:33
Cold (Radio),admin,2020-02-03 23:36
Crying In The Club,admin,2020-02-03 23:37
Greyhound,admin,2020-02-03 23:40
Cold (Radio),admin,2020-02-03 23:43
Cold (Radio),admin,2020-02-03 23:44
Intro,admin,2020-02-04 01:22
Greyhound,admin,2020-02-04 01:26
Vibras,admin,2020-02-04 01:26
South Of The Border,admin,2020-02-04 01:26
Intro,admin,2020-02-04 01:28
Cold (Radio),admin,2020-02-04 01:28
Crying In The Club,admin,2020-02-04 01:28
Crying In The Club,admin,2020-02-04 01:38
Vibras,admin,2020-02-04 01:38
Cold (Radio),admin,2020-02-04 01:40
Greyhound,admin,2020-02-04 01:41
South Of The Border,admin,2020-02-04 01:41
Cold (Radio),admin,2020-02-04 01:42
Crying In The Club,admin,2020-02-04 01:42
Greyhound,admin,2020-02-04 01:43
Crying In The Club,admin,2020-02-04 01:44
South Of The Border,admin,2020-02-04 01:44
Vibras,admin,2020-02-04 01:44
Cold (Radio),admin,2020-02-04 01:44
Crying In The Club,admin,2020-02-04 02:07
Cold (Radio),admin,2020-02-04 02:07
Vibras,admin,2020-02-04 02:21
Cold (Radio),admin,2020-02-04 02:25
Crying In The Club,admin,2020-02-04 02:25
Vibras,admin,2020-02-04 02:25
South Of The Border,admin,2020-02-04 02:26
Cold (Radio),admin,2020-02-04 02:26
Greyhound,admin,2020-02-04 02:26
Intro,admin,2020-02-04 02:26
Cold (Radio),admin,2020-02-04 02:26
Greyhound,admin,2020-02-04 02:27
Intro,admin,2020-02-04 02:27
Cold (Radio),admin,2020-02-04 02:27
Crying In The Club,admin,2020-02-04 02:28
South Of The Border,admin,2020-02-04 02:28
Crying In The Club,admin,2020-02-04 02:28
Crying In The Club,admin,2020-02-04 02:30
Greyhound,admin,2020-02-04 02:30
Intro,admin,2020-02-04 02:56
Greyhound,admin,2020-02-04 02:56
South Of The Border,admin,2020-02-04 03:03
Greyhound,admin,2020-02-04 03:04
Cold (Radio),admin,2020-02-04 03:04
Cold (Radio),admin,2020-02-04 03:05
South Of The Border,admin,2020-02-04 03:05
Intro,admin,2020-02-04 03:08
South Of The Border,admin,2020-02-04 03:13
South Of The Border,admin,2020-02-04 03:13
Crying In The Club,admin,2020-02-04 03:14
South Of The Border,admin,2020-02-04 03:19
Intro,admin,2020-02-04 03:20
South Of The Border,admin,2020-02-04 03:22
South Of The Border,admin,2020-02-04 03:22
Vibras,admin,2020-02-04 03:24
South Of The Border,admin,2020-02-04 03:24
Crying In The Club,admin,2020-02-04 03:25
Vibras,admin,2020-02-04 03:26
Greyhound,admin,2020-02-04 03:29
Cold (Radio),admin,2020-02-04 03:32
South Of The Border,admin,2020-02-04 03:33
Vibras,admin,2020-02-04 21:11
Cold (Radio),admin,2020-02-04 21:59
I Like The Way You Move,kyle,2020-02-05 10:31
All I Ever Wanted,,2020-02-05 10:32
Get It Right,Sash,2020-02-05 10:33
Crying In The Club,hell,2020-02-05 10:33
Taki Taki,joe,2020-02-05 10:34
Freal Luv,themis,2020-02-05 10:40
Crying In The Club,test,2020-02-05 10:47
Crying In The Club,admin,2020-02-05 10:59
South Of The Border,admin,2020-02-05 11:04
Intro,admin,2020-02-05 11:04
Cold (Radio),admin,2020-02-05 11:04
Taki Taki,admin,2020-02-05 11:04
Freal Luv,admin,2020-02-05 11:04
Welcome To The Party,admin,2020-02-05 11:04
South Of The Border,themis,2020-02-05 11:10
Vibras,dharmjit,2020-02-05 11:10
Taki Taki,josh,2020-02-05 11:11
Freal Luv,yo,2020-02-05 11:11
South Of The Border,admin,2020-02-05 12:27
Greyhound,admin,2020-02-05 12:27
Crying In The Club,admin,2020-02-05 12:44
South Of The Border,admin,2020-02-05 12:51
Cold (Radio),admin,2020-02-05 12:51
Taki Taki,admin,2020-02-05 12:51
Vibras,admin,2020-02-05 12:51
All I Ever Wanted,admin,2020-02-05 12:51
Crying In The Club,admin,2020-02-05 12:51
Intro,Rhys,2020-02-05 12:53
Rushing Back,Tehmis,2020-02-05 12:54
Taki Taki,dagher,2020-02-05 14:29
South Of The Border,yh,2020-02-05 14:31
2 On,ho,2020-02-05 14:37
Vibras,trst,2020-02-05 14:37
Cold (Radio),vy,2020-02-05 14:37
Taki Taki,josh,2020-02-05 14:42
Crying In The Club,jo,2020-02-05 14:42
Little Bad Girl,he,2020-02-05 14:42
Good Feeling,josh,2020-02-05 14:43
Cold (Radio),thsmis,2020-02-05 14:43
Intro,th,2020-02-05 14:44
Intro,admin,2020-02-06 16:46
Crying In The Club,admin,2020-02-06 16:46
Crying In The Club,admin,2020-02-06 16:47
Bananza (Belly Dancer),admin,2020-02-07 20:54
Bananza (Belly Dancer),admin,2020-02-07 20:54
Call Me,admin,2020-02-07 20:55
You Make Me,admin,2020-02-07 20:56
All I Ever Wanted,admin,2020-02-07 20:56
Good Feeling,admin,2020-02-07 21:00
Little Bad Girl,admin,2020-02-07 21:00
Rushing Back,admin,2020-02-07 21:03
Bonkers,admin,2020-02-07 21:03
Cross Me,admin,2020-02-07 21:03
Unforgettable,admin,2020-02-07 21:04
Freal Luv,admin,2020-02-07 21:04
Little Bad Girl,Rhys,2020-02-07 21:27
Freal Luv,admin,2020-02-07 21:33
Rushing Back,admin,2020-02-07 21:34
Freal Luv,admin,2020-02-07 21:34
Good Feeling,admin,2020-02-07 21:34
Bonkers,admin,2020-02-07 21:34
Unforgettable,admin,2020-02-07 21:34
Little Bad Girl,Josh,2020-02-07 21:40
Unforgettable,Ruth,2020-02-07 21:40
Rushing Back,George,2020-02-07 21:40
Freal Luv,admin,2020-02-07 21:43
Little Bad Girl,admin,2020-02-07 21:43
Bonkers,admin,2020-02-07 21:43
Rushing Back,admin,2020-02-07 21:43
Cross Me,admin,2020-02-07 21:43
Good Feeling,Josh,2020-02-07 21:47
Unforgettable,Themis,2020-02-07 21:48
Unforgettable,Josh,2020-02-07 21:49
